name,type,redshift,modulus
ASASSN-13ch,Ia,0.01646,34.17580955535908
ASASSN-13cj,Ia,0.018,
ASASSN-13co,II,0.023063,34.9119843938756
ASASSN-13dd,Ia,0.01255,33.59043147391546
ASASSN-13dn,II,0.023,34.88766541734385
ASASSN-14ad,Ia,0.026425,35.207511708185024
ASASSN-14ar,Ia,0.02298,34.9041184416044
ASASSN-14bu,IIP,0.0254,35.12652932632385
ASASSN-14dc,IIn/Ia-CSM,0.044,31.316207173872908
ASASSN-14dd,Ibn,0.017722,34.34003659739234
ASASSN-14eu,Ia-pec?,0.022722,34.87971071429648
ASASSN-14fa,Ia,0.022589,34.866922265028144
ASASSN-14fd,IIn,0.015367,34.03042857910705
ASASSN-14ha,II,0.005017,31.599576699121776
ASASSN-14il,IIn,0.021989,34.80842351128895
ASASSN-14jb,II,0.006031,31.99932964854038
ASASSN-14kd,Ia-91T,0.026,35.40893610608609
ASASSN-14kr,Ia,0.014,
ASASSN-14lp,Ia,0.0051,31.63537494490526
ASASSN-14lw,Ia,0.023,
ASASSN-14ms,Ibn,0.054,
ASASSN-15aj,Ia,0.010921,33.288730893223274
ASASSN-15ar,Ia,0.02882,35.395906230238126
ASASSN-15cq,Ia,0.027276,35.276307506604184
ASASSN-15fi,II,0.017182,34.27279526724655
ASASSN-15fz,II,0.017479,34.30999395276229
ASASSN-15ga,Ia-99by,0.006631,32.20541941815013
ASASSN-15hf,Ia,0.006178,32.05154242957323
ASASSN-15hx,Ia,0.01,
ASASSN-15hy,Ia-SC,0.025,
ASASSN-15kg,Ia-pec?,0.014257,33.867510106983914
ASASSN-15lh,SLSN-I,0.2326,
ASASSN-15mj,Ib,0.0344,
ASASSN-15ns,Ia,0.030671,35.531096185714134
ASASSN-15od,Ia,0.017989,34.372489619284465
ASASSN-15og,Ia-CSM,0.0437,37.26446676376117
ASASSN-15oz,II,0.006929,32.30156523394945
ASASSN-15pz,Ia-SC,0.014903,33.96390334006151
ASASSN-15qc,Ia,0.017649,34.33102632550394
ASASSN-15qh,II,0.010207,33.14194465025156
ASASSN-15rq,Ia,0.025,
ASASSN-15rw,Ia,0.0189,
ASASSN-15sf,Ia,0.027,
ASASSN-15so,Ia,0.007125,32.36134375962625
ASASSN-15ti,Ia,0.016,
ASASSN-15tj,Ia,0.022265,34.83559386802672
ASASSN-15ts,Ia,0.059978,36.987406723018026
ASASSN-15uh,Ia-91T,0.0135,
ASASSN-15um,Ic,0.02,35.54099223595796
ASASSN-15ut,Ia-pec,0.011471,33.39549839695373
ASASSN-15uw,Ia,0.030811,35.54099223595796
ASassn-17ea,Ia,0.014,
ASassn-17em,,,
ASassn-17fk,Ia,0.007,32.367434850322844
ASassn-17gx,,,
ASassn-17hb,Ia,0.019,34.59320917349051
ASassn-17ho,,,
ASassn-17ip,Unk,0.018,
ASassn-17mh,Ia,0.015427,
ASassn-17mz,Ia,0.0161,
ASassn-17ng,Ia,0.016151,
ASassn-17pg,Ia,0.005624,
ASassn-17pk,Ia,0.013493,
ASassn-17qg,Ia,0.01933,
ASassn-17qz,Ia,0.017,
ASassn-17ri,Ia,0.019417,
ASassn-18aar,,,
ASassn-18an,Ia,0.017906,
ASassn-18ap,II,0.037503,
ASassn-18bt,Ia,0.010981,
ASassn-18da,Ia,0.02,
ASassn-18ge,Ib,0.01814,
ASassn-18gq,,0.001818,29.39532002922687
ASassn-18ze,,,
AT2016blu,LBV,0.002692,30.24770519145401
AT2019clr,,,28.24586267986802
AT2019eez,,,32.90288269554115
AT2021agbn,II,,
CSS081009,SLSN-II,0.285,
CSS14,IIn,0.033,
CSS140914,Ia,0.03,29.604093769761874
CSS141028,Ib,0.009,
DES15S2nr,SLSN-I,0.22,
Gaia15acw,II,0.025114,35.09702400354698
Gaia16alf,Ia,0.094,37.97081132684909
LSQ11ot,Ia,0.026,35.28134726648944
LSQ12gdj,Ia-SC,0.0303,35.50639580666805
LSQ13crf,Ia,0.06,
LSQ13cuw,IIL,0.05,
LSQ13ddu,I,0.058454,
LSQ13ry,Ia,0.029857,35.47269530348548
LSQ14mo,SLSN-I,0.25,
LSQ14pt,IIn,0.059,
LSQ15abl,SLSN-II,0.1,
OGLE15qz,SLSN-I,0.63,
OGLE15sd,SLSN-I,0.56,
OGLE16dmu,SLSN-I,0.426,
PS1-12sk,Ibn,0.054,36.76359176721934
PS1-14xw,Ia,0.02448,35.0415219563418
PS15aot,Ia-91bg?,0.030354,35.50854447944913
PS15bgt,Ib-IIb,0.0089,31.304661148291054
PS15blq,SLSN-IIn,0.125,
PS15br,SLSN-II,0.101,
PS15ces,IIn,0.134,
PS15cku,Ia,0.023,35.63394793214921
PS15cwo,IIP,0.037,35.27258650034076
PS15cww,IIn,0.063,
PS15jf,imposter?,0.004923,31.558769305278773
PSN2014inM61,imp?,0.005224,31.68729630645328
PSNinNGC55,imposter?,0.00043,26.266286069339905
PSNJ09100885+5003396,Ia-SC,0.026,35.783418664135475
PSNJ23374322-4730393,Ia,0.011014,33.30722286247753
PTF09atu,SLSN-I,0.501,
PTF09cnd,SLSN-I,0.258,
PTF09dlc,Ia,0.07,
PTF09dlc,Ia,0.07,
PTF09dnp,Ia,0.04,
PTF09dnp,Ia,0.04,
PTF10aagc,SLSN-I,0.206,
PTF10aagc,SLSN-I,0.206,
PTF10abyy,SNII,0.0297,
PTF10abyy,II,0.0297,
PTF10icb,Ia,0.008606,32.771436047659805
PTF10icb,Ia,0.008606,32.771436047659805
PTF10qaf,SLSN-II,0.2836,
PTF10qts,SNIc-BL,0.0907,
PTF10qts,Ic-BL,0.0907,
PTF11dsf,SLSN-IIn,0.3848,
PTF11dsf,SLSN-II,0.3848,
PTF11iqb,SNII,0.012499,33.58175598331265
PTF11iqb,IIn,0.012499,33.58175598331265
PTF11qax,SNII,0.021854,
PTF11qax,II,0.021854,
PTF11qcj,SNIc-BL,0.0287,35.3414447917978
PTF11qcj,Ic-BL,0.0287,35.3414447917978
PTF11rks,SLSN-I,0.1924,
PTF12dam,SLSN-I,0.1073,
PTF12dam,SLSN-I,0.1073,
PTF12epg,SNIIn,,
PTF12epg,SLSN-II,,
PTF12gzk,SNIc,0.0137,33.79203596093943
PTF12gzk,Ic,0.0137,33.79203596093943
PTF12mkp,SLSN-IIn,0.153,
PTF12mkp,SLSN-II,0.153,
PTF12mxx,SLSN-I,0.3296,
PTF12mxx,SLSN-I,0.3296,
PTF13bvn,Ic,0.00449,31.37943480150613
SN2005am,Ia,0.0079,32.58524600809807
SN2005bc,Ia,0.01227,33.54198645699929
SN2005bf,Ib,0.01891,34.48125281230819
SN2005cf,Ia,0.00646,32.261
SN2005cs,II,0.00154,29.041242472933423
SN2005da,Ic-bl,0.01501,33.979400086720375
SN2005df,Ia,0.00435,31.289725474823165
SN2005ek,Ic,0.016551,34.19162131752461
SN2005gj,Ia-CSM,0.062,37.045319263786624
SN2005hk,Ia-02cx,0.01299,33.665874827886576
SN2005ip,IIn,0.007138,32.36540638458961
SN2005kd,IIn,0.01504,33.98373869437651
SN2005ke,Ia-91bg,0.00488,30.91
SN2005mz,Ia-91bg,0.01756,34.319916920873155
SN2006aj,Ic-bl,0.033,35.696552474621015
SN2006at,II,0.01,
SN2006bc,II,0.00455,31.385816797017025
SN2006bp,IIP,0.00351,30.82341621693226
SN2006bv,IIn,0.00838,32.714299960806535
SN2006dd,Ia,0.00587,31.940900856914407
SN2006dm,Ia,0.02202,34.811386181601584
SN2006dn,Ib,0.017179,34.27237366304961
SN2006E,Ia,0.00272,30.54
SN2006ej,Ia,0.02045,34.6314263437974
SN2006gy,IIn,0.01919,34.51280938797115
SN2006jc,Ibn,0.00557,31.826919873581573
SN2006jd,IIb/IIn,0.018556,34.4398828175478
SN2006lc,Ib,0.01623,34.14875174086551
SN2006lt,Ib,0.015,
SN2006mr,Ia,0.00587,31.606
SN2006T,IIb,0.00809,32.63779150049643
SN2006X,Ia,0.00524,31.19
SN2007aa,II,0.004887,31.542525641294297
SN2007af,Ia,0.005464,31.773000000000003
SN2007ax,Ia-91bg,0.006861,32.28478082258115
SN2007bb,II,0.020858,34.693779661247
SN2007bg,Ic-bl,0.034,
SN2007bm,Ia,0.006211,32.06323590107028
SN2007C,Ib,0.005604,31.83988392647297
SN2007ch,IIP,0.007315,32.41853067623127
SN2007ck,II,0.016962,35.25120041183641
SN2007co,Ia,0.016962,35.25120041183641
SN2007cq,Ia-91T,0.025,35.0889333451565
SN2007cv,Ia,0.007562,33.07
SN2007D,Ic-bl,0.023146,34.91982195529506
SN2007fo,Ib,0.009333,32.9475760686227
SN2007gi,Ia,0.00482,31.420586384846
SN2007I,Ic-bl,0.021639,
SN2007od,II,0.005784,31.908582983544616
SN2007on,Ia,0.006494,31.45
SN2007pk,IIn,0.016655,34.2051453481192
SN2007S,Ia,0.01388,33.80932609680839
SN2007sr,Ia,0.005688,31.378
SN2007uy,Ib ,0.006494,32.16016727544382
SN2007Y,Ibc,0.004637,31.42841151911413
SN2008A,Ia-02cx,0.016428,34.17536869201181
SN2008ae,Ia-02cx,0.030002,35.48310193400327
SN2008am,IIn,0.234,
SN2008aq,IIb,0.007972,32.60532702258435
SN2008aw,II,0.010374,33.17713946297785
SN2008ax,IIb,0.001885,29.47357975694085
SN2008bo,Ib,0.00495,31.570507022558697
SN2008cg,Ia-CSM?,0.036,35.88908480671097
SN2008D,Ib,0.006494,32.16016727544382
SN2008dq,Ic,0.031358,35.57920778125852
SN2008dx,Ia-91bg,0.035,34.90852688478519
SN2008eb,Ic,0.007612,32.50491571825464
SN2008ec,Ia,0.016317,34.160769759664895
SN2008es,SLSN-II,0.205,39.66676847236656
SN2008ex,IIn,0.013159,33.69357255557085
SN2008fz,Ic,0.133,
SN2008ge,Ia,0.004043,31.28
SN2008ha,Ia,0.004647,31.433093099963475
SN2008hs,Ia,0.017369,34.29627540622212
SN2008hv,Ia,0.012549,33.59043147391546
SN2008ij,II,0.00495,31.570507022558697
SN2008in,IIP,0.005224,31.68729630645328
SN2008iy,SLSN-II,0.0411,
SN2008M,II,0.007562,32.49059511847624
SN2008Q,Ia,0.007935,31.74
SN2008S,IIn-Imp?,0.00016,23.72363747448347
SN2009aj,II,0.009618,33.012560729784695
SN2009an,Ia,0.009233,32.924167946767255
SN2009at,II,0.005014,31.5981324207782
SN2009au,IIn,0.009404,32.96381289720167
SN2009ay,II,0.022182,34.82744574435918
SN2009bb,Ic,0.009877,33.07052955479016
SN2009bw,II,0.003853,31.02624743898448
SN2009cz,Ia,0.021138,34.725153389391394
SN2009dc,Ia-SC,0.021391,34.74864371742985
SN2009dd,II,0.002524,30.108816915344025
SN2009gf,Ia,0.018523,34.43597588520649
SN2009gj,IIb,0.005277,31.709369913651948
SN2009hd,II,0.002425,30.021009572138844
SN2009ig,Ia,0.00877,32.503
SN2009ip,imp-IIn,0.005944,31.967876016347937
SN2009iz,Ib,0.014196,33.85834561427862
SN2009jb,Ia,0.03,
SN2009jf,Ib,0.007942,32.59713449486806
SN2009jh,SLSN-I,0.349,
SN2009jh,SLSN-I,0.349,
SN2009jr,Ia,0.016548,34.19118365302458
SN2009kr,IIn/L?,0.006468,32.15122656323719
SN2009ll,IIP,0.044537,36.34106913619961
SN2009lm,IIP,0.01908,34.50031766180878
SN2009mg,IIb,0.007562,32.49059511847624
SN2009mi,Ic,0.010377,33.17783757338717
SN2009mk,IIb,0.005043,31.6110964736696
SN2009N,IIP,0.003449,30.790136294889727
SN2009Y,Ia,0.009353,32.952227564316765
SN2010ae,Ia-p,0.003662,30.916349218414023
SN2010ah,SNIc-BL,0.0498,
SN2010ah,Ic,0.0498,
SN2010al,IIn,0.0172,34.26942013944911
SN2010bj,IIP,0.007589,32.49824452280932
SN2010br,Ibc,0.002336,29.93882771791494
SN2010bt,IIn,0.016151,34.13846144337223
SN2010bv,Ia,0.008659,32.78486095848532
SN2010C,LBV,0.026758,35.234750806071794
SN2010cn,Ib,0.026,
SN2010cr,Ia,0.02157,34.76685182257924
SN2010da,LBV,0.00048,26.505149978319903
SN2010dn,LBV,0.001975,29.57494605145825
SN2010dv,?,0.009924,33.0807723681665
SN2010el,Ia-p,0.005017,31.599576699121776
SN2010ev,Ia,0.009211,32.918669551039976
SN2010F,II,0.00931,32.94213670028681
SN2010fy,Ia,0.049,
SN2010gn,Ia,0.0365,35.55435085855791
SN2010gp,Ia,0.02448,35.0415219563418
SN2010gs,II,0.027135,35.26512530420804
SN2010gx,SLSN-I,0.2297,
SN2010gx,SLSN-I,0.2297,
SN2010hh,Ia,0.019006,34.491949742360944
SN2010hq,IIP,0.007348,32.42841000359749
SN2010id,SNII,0.016475,34.1815326486514
SN2010id,II,0.016475,34.1815326486514
SN2010ih,Ia,0.007288,32.41059472437586
SN2010jl,SNIIn,0.010697,33.24383231748586
SN2010jl,IIn,0.010697,33.24383231748586
SN2010jn,Ia,0.025047,35.091248039483084
SN2010jp,IIn,0.009143,32.90288269554115
SN2010jr,IIb,0.012445,33.5724637630478
SN2010kd,SLSN-I,0.1,
SN2010kg,Ia,0.016642,34.20340503753957
SN2010ko,Ia,0.010441,33.1910592055759
SN2010mb,SNIc-BL,0.1325,
SN2010mb,Ic-PI?,0.1325,
SN2010md,SLSN-I,0.0987,
SN2010O,Ib,0.010411,33.18480636117032
SN2010S,Ic,0.17,
SN2010U,LBV,0.00097,28.0328024627732
SN2010X,?,0.015014,33.97988258253605
SN2010Y,Ia,0.01086,33.27675949892947
SN2011aa,Ia,0.012355,33.55669240789314
SN2011am,Ib,0.006635,32.206511433465835
SN2011ao,Ia,0.010706,33.24586267986802
SN2011at,Ia,0.006758,32.24653472296497
SN2011ay,Ia-99aa?02cx?,0.021,34.7086611145987
SN2011B,Ia,0.00467,31.44397769623485
SN2011bl,Ib/c,0.018426,34.42460586737663
SN2011by,Ia,0.002843,31.588
SN2011cb,IIb,0.007892,32.583411219303215
SN2011cj,IIP,0.007419,32.44901143239375
SN2011de,Ia,0.029187,35.42337778295522
SN2011dh,IIb,0.002,29.041242472933423
SN2011dm,Ia,0.00494,31.5661128104497
SN2011dn,Ia-91T,0.025272,35.110537347819744
SN2011ef,IIb,0.013373,33.72851779909627
SN2011eh,Ia-91bg,0.006785,32.27316581968549
SN2011ei,IIb,0.009313,32.94291458759928
SN2011ek,Ia-91bg,0.005027,31.60390377941681
SN2011fe,Ia,0.000804,29.139
SN2011fi,II,0.010441,33.1910592055759
SN2011fs,Ia,0.020914,34.69967522199724
SN2011gu,Ia,0.019033,34.49499635444894
SN2011hb,Ia,0.028924,35.403683448960585
SN2011hg,IIb,0.023636,34.965343257829446
SN2011hj,IIP,0.019,34.49118742098766
SN2011hs,IIb,0.00571,31.88085631954933
SN2011ht,IIn,0.003646,30.90643832759217
SN2011hw,Ibn,0.023,
SN2011ia,Ia,0.019,34.34819543625804
SN2011im,Ia,0.016228,34.14875174086551
SN2011it,Ic,0.015894,34.10365204271538
SN2011iv,Ia,0.006494,31.45
SN2011iw,IIn,0.023,
SN2011iy,Ia,0.004266,31.247690240236928
SN2011ja,IIP,0.001878,29.465879492100388
SN2011js,IIn,0.013803,33.79728994949224
SN2011ke,SLSN-I,0.1428,
SN2011M,Ia,0.017432,34.304184544800194
SN2012A,II,0.002512,30.09731239884716
SN2012ak,II,0.041565,36.19110199794066
SN2012ap,Ic,0.012115,33.514066717088895
SN2012au,Ib,0.004483,31.35533386143269
SN2012aw,IIP,0.002595,30.1
SN2012bl,Ia,0.018706,34.45737754263667
SN2012ca,IIn-IaCSM?,0.01946,34.543169641772224
SN2012cc,II-87K,-0.00087,30.65
SN2012cg,Ia-99aa,0.001458,31.08
SN2012ck,II,0.042,
SN2012cp,Ia,0.016531,34.188994006363785
SN2012cu,Ia,0.003469,30.79850421433756
SN2012cw,Ic,0.004486,31.35694893953579
SN2012da,Ia,0.018012,34.3753063169585
SN2012dh,IIb,0.009355,32.339889376398965
SN2012dn,Ia-SC,0.010187,33.13768268144567
SN2012fh,Ib/c,0.0001935,29.530477485658345
SN2012fr,Ia,0.005457,31.306
SN2012G,Ia,0.026635,35.22471212021617
SN2012hj,Ia,0.024597,35.051853184194144
SN2012hr,Ia,0.007562,32.49059511847624
SN2012hs,II,0.006424,32.13661893178624
SN2012ht,Ia,0.003559,31.91
SN2012ij,Ia-91bg,0.010998,33.303932253559424
SN2012K,II,0.0203,34.56206985374092
SN2012p,SNIIb,0.004533,31.37943480150613
SN2012P,Ibc,0.004533,31.37943480150613
SN2012T,Ia,0.026315,35.198447298145474
SN2012V,Ia,0.010964,33.29733603825178
SN2012Z,Ia-02cx,0.007125,32.55
SN2013aa,Ia,0.003999,31.1074334333379
SN2013ab,IIP,0.004574,31.393768004764144
SN2013ag,Ia,0.02129,34.74050195850435
SN2013ai,IIP,0.009143,32.90288269554115
SN2013ak,II,0.003402,30.756338376653247
SN2013am,II,0.002692,30.24770519145401
SN2013bs,Ia,0.027612,35.30296462816736
SN2013bu,II,0.002722,30.27178831161296
SN2013by,IIn/IIL,0.003816,31.00546764012869
SN2013cg,Ia,0.007952,32.59986877318465
SN2013cj,IIn,0.032162,35.6341731535786
SN2013cj,IIn,0.032162,35.6341731535786
SN2013cs,Ia,0.00924,32.92652014675482
SN2013cu,SNIIb,0.025,35.107382179639686
SN2013cu,IIb,0.025,35.107382179639686
SN2013cv,Ia,0.035,35.81783588215634
SN2013df,II,0.002388,29.987902629382937
SN2013dh,Iax,0.013356,33.725807861880064
SN2013dk,Ic,0.005477,31.790203281760768
SN2013dn,IIn,0.056185,36.84556368158479
SN2013dy,Ia,0.003889,31.497
SN2013E,Ia,0.009413,32.966122564935304
SN2013eh,Ia,0.034999,35.81762892743524
SN2013ej,II,0.002192,29.801164365642563
SN2013ek,Ib,0.015577,34.05992192067422
SN2013el,Ib,0.017475,34.30957951008339
SN2013eu,Ia,0.009266,32.93199872485164
SN2013ex,Ia,0.010441,33.1910592055759
SN2013F,Ib/c,0.005013,31.5981324207782
SN2013fn,Ia,0.027,35.25227473339674
SN2013fs,SNII,0.0118,33.46692463519007
SN2013fs,IIn/IIP,0.0118,33.46692463519007
SN2013fv,II,0.01,33.19452524367733
SN2013fw,Ia,0.01695,34.24351082141541
SN2013fy,Ia,0.03,35.54498499366305
SN2013gd,II,0.0134,33.735007883358215
SN2013ge,Ic,0.004356,31.29305340253893
SN2013gh,Ia,0.0088,32.817240615586485
SN2013gs,Ia,0.016888,34.235377154777865
SN2013gy,Ia,0.014023,33.83165105462468
SN2013hh,Ia-91T,0.012989,33.66531725376372
SN2013hn,Ia,0.01514,33.998138431557905
SN2013hx,SLSN-II,0.13,
SN2013I,IIn,0.03527,35.83453404818912
SN2013L,IIn,0.016992,34.24863222098164
SN2013Q,Ia,0.017239,34.27995004277879
SN2014A,IIP,0.005811,31.91857827120188
SN2014ad,Ic-BL,0.005723,31.71895700388056
SN2014ai,Ia,0.023176,34.922636566718964
SN2014ao,Ia,0.014083,33.84092866270184
SN2014ap,Ia,0.023516,34.95428310280065
SN2014as,Ic,0.012469,33.57653400305772
SN2014at,Ia,0.032242,35.62243055369697
SN2014ba,Ia-91bg,0.005841,31.929768248260885
SN2014bc,IIP,0.001494,28.969727587834377
SN2014bv,Ia,0.005594,32.16
SN2014C,Ib,0.0027,30.27178831161296
SN2014cd,Ia,0.020608,34.66757703767082
SN2014cn,SNII,0.012762,33.62706234630004
SN2014cn,II,0.012762,33.62706234630004
SN2014cp,Ic-BL,0.0162,34.1402545668511
SN2014cx,II,0.00549,31.79548667222491
SN2014df,Ib,0.003896,31.05055173172556
SN2014dg,Ia,0.004003,31.10924374808178
SN2014dt,Ia-02cx,0.005224,31.68729630645328
SN2014eg,Ia-91T,0.018633,34.448842174668584
SN2014eh,Ic,0.010207,33.22683839439647
SN2014ek,Ia-02cx,0.023126,34.91794351883752
SN2014es,IIn,0.019644,34.563545289442
SN2014G,IIL,0.004503,31.365006360318688
SN2014gd,Ia,0.018283,34.40763652820466
SN2014ge,Ib,0.001891,29.481252812308192
SN2014gf,IIn/Ia-CSM,0.016,
SN2014I,Ia,0.03,35.484067461991394
SN2014J,Ia,0.000677,27.250817707409723
SN2014L,Ic,0.008029,32.62071796921881
SN2014R,Ia,0.025,35.10048222178476
SN2015ah,Ib,0.016,34.13531990993876
SN2015ak,Ia,0.01037,33.176441128059615
SN2015an,IIP,0.008166,32.65739458521128
SN2015ap,Ib,0.011375,33.37710941280615
SN2015ar,Ia,0.017005,34.2503366735099
SN2015as,II,0.003646,30.90643832759217
SN2015bf,IIn,0.014227,33.862932695361366
SN2015bh,LBVgoneSN?,0.006494,32.16016727544382
SN2015bn,SLSN-I,0.11,
SN2015bo,Ia-91bg,0.016195,34.144283689063776
SN2015bp,Ia-91bg,0.004069,31.77
SN2015bq,Ia-99aa,0.028,35.34710704379234
SN2015bq,Ia-91T,0.028,35.34710704379234
SN2015bq,Ia-99aa,0.028,35.34710704379234
SN2015bq,Ia-91T,0.028,35.34710704379234
SN2015dc,Ia?,0.007562,32.49059511847624
SN2015dd,Ib,0.006,31.954430323794032
SN2015F,Ia,0.00489,31.511
SN2015G,Ibn,0.00475,31.480887464347845
SN2015I,Ia,0.0076,32.49824452280932
SN2015J,IIn,0.0054,31.544007369369204
SN2015M,Ia-91T,0.0231,34.916690324510704
SN2015N,Ia,0.01492,34.443393056603284
SN2015V,II,0.004566,31.395354758513605
SN2015Z,IIn,0.028723,35.388605463998985
SN2016adi,Ia,0.015,33.96293111152075
SN2016adj,Ib,0.001825,29.40327414951081
SN2016aix,Ia-91T,0.029,
SN2016aiy,IIn,0.01,
SN2016aj,SLSN-I,0.485,
SN2016ajf,Ia-91bg,0.0203,34.63642398100804
SN2016aps,SLSN-II?,0.265,
SN2016aqf,II,0.004016,31.11646995245269
SN2016aqt,Ia-SC,0.05,
SN2016arc,Ia,0.012725,33.62081022929816
SN2016arc,Ia,0.012725,33.62081022929816
SN2016ard,SLSN-I,0.2025,
SN2016asf,Ia,0.021,34.61960048908594
SN2016B,II,0.004293,31.2612302523656
SN2016bau,Ib,0.003856,31.02812668826621
SN2016bfu,Ia-91bg,0.0104,33.18341439162938
SN2016bfv,II,0.0104,33.18341439162938
SN2016blc,Ia,0.012,
SN2016blk,Iapec,0.02997,
SN2016bln,Ia-91T/99aa,0.0235,34.932303509473215
SN2016blz,II,0.012,36.38135137039446
SN2016bmd,IIb,,
SN2016bqs,Ia,0.032916,35.68448322193215
SN2016C,IIP,0.00452,31.37303399389578
SN2016ccj,Ia-SC,0.041,36.16127361120768
SN2016ccz,Ia,0.015,33.96195844749127
SN2016cnx,Ia,0.029444,35.44240315078035
SN2016coi,Ic-BL,0.003646,30.90643832759217
SN2016coj,Ia,0.004483,31.37463596549888
SN2016cok,IIP,0.002425,30.021009572138844
SN2016cqj,II,0.022,34.83070866369516
SN2016cvk,IIn,0.010783,33.26136604090144
SN2016daj,Ia,0.032,35.51092940270865
SN2016dxv,Ia,0.02,
SN2016eay,SLSN-I,0.102,
SN2016eii,Ia,0.036,
SN2016eiy,Ia,0.008663,32.78569726599017
SN2016eja,Ia,0.04,
SN2016ekg,Ia,0.017,34.26223052708478
SN2016ekt,Ia,0.017,
SN2016els,SLSN-I,0.217,
SN2016enk,IIP,0.0078,32.557560051972764
SN2016eoa,Ia,0.020771,34.68473184645066
SN2016euj,Ia,0.017,34.25076257768102
SN2016ezh,TDE,0.08,
SN2016F,Ia,0.016138,34.13666683797296
SN2016fej,Ia,0.010914,33.28740399284008
SN2016fff,Ia,0.01144,
SN2016frp,Ib-pec,0.027,
SN2016G,Ic-BL,0.009,32.903674770111124
SN2016gfr,Ia,0.014,
SN2016gfy,II,0.008,32.62882216758913
SN2016gkg,II,0.00494,31.5661128104497
SN2016gsb,Ia,0.0097,33.02007968608357
SN2016gxp,Ia-pec,0.018,34.35551227271493
SN2016hgm,II,0.008,32.557560051972764
SN2016hht,Ia,0.019,34.44456187644465
SN2016hli,Ia,0.017,34.21772105972818
SN2016hnk,Ia,0.016,
SN2016hpw,Ia,0.02,
SN2016hrv,II,0.0166,34.2051453481192
SN2016hsc,Ia,0.006,
SN2016huh,Ia,0.018556,34.4398828175478
SN2016hvl,Ia-91T,0.013,33.682535823250014
SN2016iae,Ic,0.003468,30.79850421433756
SN2016ieq,IIn,0.066,
SN2016iet,I,,
SN2016igr,Ia,0.018,34.34126237919713
SN2016ija,II,0.003468,30.79850421433756
SN2016iog,II,,
SN2016ipf,Ia,0.021,35.0808124291245
SN2016itd,Ia,0.0175,34.31785337191094
SN2016ito,Ia,0.0199,34.593936513108595
SN2016iuh,Ia-91bg-like,0.013696,33.78043224301652
SN2016iyd,II,0.034,
SN2016iyz,II,0.0104,33.17783757338717
SN2016jag,,,32.2282372015849
SN2016jbu,,0.00489,31.544007369369204
SN2016L,IIP,0.009297,32.93902236141018
SN2016P,Ic-BL,0.0146,33.92169938396709
SN2016X,IIP,0.004408,31.31785160591629
SN2016zd,Ia,,35.61903143104696
SN2017ahn,II,0.009255,32.92965245513713
SN2017ati,IIb,0.016,
SN2017atv,Ia,0.0185,34.4308863414858
SN2017aut,Ia,0.017,34.27910952703015
SN2017awk,Ia,0.018056,34.38052765329896
SN2017awz,Ia-91T-like,0.022,
SN2017azw,Ia,0.02,
SN2017bc,Ia,0.027,35.24393480557146
SN2017bcc,SLSN-II,0.148,
SN2017bgu,Ib,0.008,32.74518669518999
SN2017bkc,Ia,0.017,34.29752613434128
SN2017bzc,Ia,0.005365,31.74476773990581
SN2017cak,,,
SN2017cbr,Ia,0.0173,34.28414774833792
SN2017cbv,Ia,0.003999,31.1074334333379
SN2017cfd,Ia,0.012085,33.508679188016345
SN2017cjb,II,0.0094,32.97303686466917
SN2017ckq,Ia,0.01,33.07419325130547
SN2017cyy,Ia,0.0098,33.04841661003584
SN2017cze,Ia,0.015,33.957576059708124
SN2017czw,,,
SN2017daf,Ia,0.019,34.49118742098766
SN2017dau,LBV,0.01062,33.22820281317181
SN2017dcc,Ic-BL,0.043,
SN2017dei,Ia,0.019804,34.581172762473955
SN2017des,,0.007,32.23147739976311
SN2017dgm,Ia,0.018,
SN2017dit,Ia,0.01859,34.44378273312466
SN2017dps,Ia,0.012,33.57595300709185
SN2017drh,Ia,0.005554,31.82040870705535
SN2017dwh,SL-I,,
SN2017dwq,IIn,0.018,34.39770932608577
SN2017dzs,Ia-91bg-like,0.0173,34.28372834275294
SN2017eaw,II,0.000133,23.72363747448347
SN2017ebm,Ia-91bg,0.016732,34.21512515695696
SN2017egb,Ia,0.016151,34.13846144337223
SN2017egm,SLSN-I,0.0307,35.5346356688279
SN2017ein,Ic,0.0027,30.25308012590502
SN2017ejb,Ia-91bg-like,0.009867,33.06832836614802
SN2017ekr,Ia,0.019,34.59320917349051
SN2017emq,Ia,0.005247,31.69698113096009
SN2017ens,,,
SN2017enx,,0.006398,32.12758053201688
SN2017eoc,,0.018688,
SN2017eqx,,,
SN2017erp,Ia,0.006174,32.050369611608176
SN2017err,,,
SN2017erv,Ia,0.017035,34.25416680712136
SN2017evn,Ia,0.017,34.269842317424484
SN2017exo,Ia,0.016,34.15677113926428
SN2017ezd,Ia,0.018,34.38293327290561
SN2017faa,II,0.01845,34.4308863414858
SN2017faf,II,0.0295,
SN2017ffv,Ia,0.014,33.82958396983316
SN2017fgc,Ia,0.008,32.53609249461351
SN2017fhm,,,
SN2017fvl,Ia,0.014,33.880679795741585
SN2017fzw,Ia-91bg-like,0.0054,31.759571761610523
SN2017gah,Ia,0.008906,32.84589382466653
SN2017gas,IIn,0.01,33.55434613817863
SN2017gax,Ib/c,0.0044,31.334227795217032
SN2017gbb,Iax,0.01,33.18689264386997
SN2017gci,SLSN-I,0.09,
SN2017ghs,Unk,0.018,34.39133201633456
SN2017gjn,Ia,0.015,33.99526611313709
SN2017gkk,IIb,0.004923,31.558769305278773
SN2017glq,Ia,0.012,33.448517016543704
SN2017glx,Ia-91T,0.011,33.36177228670824
SN2017gmr,II,,31.608222254309503
SN2017gpn,IIb,0.007,32.4402061706391
SN2017gry,II,0.019,34.529354019697514
SN2017guh,Ia,,34.03889620321891
SN2017gup,Ia,0.0235,
SN2017gxq,Ia,0.008406,32.72034022175138
SN2017hbj,II,0.017422,34.30293764702863
SN2017hcc,IIn,,
SN2017hgz,Ia,,34.13846144337223
SN2017hjw,Ia,0.016161,34.139806424777575
SN2017hjy,Ia,0.007,
SN2017hle,Ia-91bg,0.015701,34.2503366735099
SN2017hm,Ia,0.021,34.73676009237836
SN2017hoq,Ia,0.02,
SN2017hou,Ia,0.016738,34.21599080273661
SN2017hpa,Ia,0.015654,34.07059028890613
SN2017igf,Ia,,31.847625369287275
SN2017iji,Ia,,33.74793014758511
SN2017it,II,,
SN2017ivu,IIP,0.006528,32.17129164613366
SN2017iyb,Ia,0.010108,33.12055066035518
SN2017izu,Ia,0.016915,34.238805570583025
SN2017jav,Ia,0.01517,34.00243979792214
SN2017jbj,CC,0.013492,33.74793014758511
SN2017jd,Ia,0.007368,32.434316097200835
SN2017jl,Ia,0.016331,
SN2017jmk,II,0.00947,32.861291528960166
SN2017kdz,Ia,0.0164,33.78940419185045
SN2017lf,Ia,0.01464,33.925165422068524
SN2017ln,Ia,0.025,35.11797684417908
SN2017yv,Ia,0.015584,34.060851688365375
SN2018aad,II-pec,,
SN2018aad,II-pec,,
SN2018add,,,
SN2018afm,,0.016291,34.15943770416283
SN2018ahz,AGN,,
SN2018aoz,Ia,0.005801,31.64
SN2018atq,SLSN-II,,
SN2018avk,Ic,,
SN2018bbl,,,31.98002754447419
SN2018bek,II,,34.79122625946499
SN2018bgv,SLSN-I,,
SN2018bgv,SLSN-I,,
SN2018bgv,SLSN-I,,
SN2018bi,Ia,0.01668,34.20253435893547
SN2018bsk,,,32.62071796921881
SN2018bsk,,,32.62071796921881
SN2018bsz,II,,35.22715823746409
SN2018bsz,II,,35.22715823746409
SN2018bta,Ia,,34.54726009533295
SN2018bto,,,
SN2018bvt,,,
SN2018bvt,,,
SN2018bwo,LRN,,29.059921920674217
SN2018cmi,,,
SN2018cni,Ia-pec,,
SN2018co,,,
SN2018cow,Ic-BL,,33.850678880142205
SN2018cuf,II,,33.27141762068935
SN2018dfg,II,,32.981457885800914
SN2018dfy,II,,33.75222053655212
SN2018evk,II,,
SN2018evk,II,,
SN2018evt,Ia,,35.084586631735675
SN2018feb,Ia,,33.942413109326864
SN2018feb,Ia,,33.942413109326864
SN2018fek,,,
SN2018feq,Ia-91T-like,,35.58934732913292
SN2018fes,,,
SN2018fhw,Ia,,36.22824867043497
SN2018fvz,,,
SN2018fyk,TDE,,
SN2018gep,Ic-BL,,
SN2018get,II,,31.15401796134641
SN2018gj,II,0.004543,31.38422305572749
SN2018gk,II,0.031,35.554818093074935
SN2018gn,II,,35.9677485711638
SN2018gro,Ia-91bg-like,,34.79553835762435
SN2018gv,Ia,0.005274,31.707996867504704
SN2018gwo,Ic-Ca-rich,,32.546386069805806
SN2018hfm,,,32.61439372640169
SN2018hkx,Ia,,35.322549924872945
SN2018hmx,II,,35.95496377249977
SN2018hmx,II,,35.95496377249977
SN2018hna,II,,30.006023505691854
SN2018hpu,Ia,,
SN2018hpu,Ia,,
SN2018hrg,Nova,,
SN2018hso,IIn,,
SN2018hti,SLSN-I,0.06,
SN2018htr,LBV,,29.059921920674217
SN2018hxf,II,,35.453934639746336
SN2018ibb,SLSN-I,0.1586,
SN2018ilu,Ia,,
SN2018ilu,Ia,,
SN2018imf,IIP,,30.752076407847355
SN2018is,II,0.005811,31.91857827120188
SN2018isq,Ia,,32.56127197152538
SN2018ivc,II,,30.99213984128233
SN2018ivc,II,,30.99213984128233
SN2018jag,Ia-91bg-like,,36.09854100955596
SN2018jky,Ia,,33.91624155029192
SN2018jky,Ia,,33.91624155029192
SN2018jov,Ia,,
SN2018jov,Ia,,
SN2018kp,Ia,0.010142,33.12770543588743
SN2018kpo,II,,34.31330664968168
SN2018kzr,Ic,,
SN2018lab,II,,
SN2018lei,Ic,,32.19007325951175
SN2018oh,Ia,,33.30063665054482
SN2018pc,Ia,0.009,32.88857572454348
SN2018pv,Ia,0.003102,30.55575226061333
SN2018xx,Ia,0.00999,33.09532165147031
SN2018yu,Ia,0.008112,32.64315537084714
SN2018zd,II,0.002979,30.46759481228639
SN2018zr,TDE,,
SN2018zz,Ia,0.013763,33.790983636029324
SN2019abn,ILRT,,
SN2019ahd,LBV,,
SN2019arb,Ia,,33.78043224301652
SN2019ata,Ia,,
SN2019bl,,,
SN2019bm,,,34.718983455742176
SN2019cad,Ic,,35.23502147885613
SN2019cca,SLSN-I,0.4,
SN2019cqc,SLSN-II,0.118,
SN2019edo,II,,32.76215803917539
SN2019edo_dup,II,,32.76215803917539
SN2019eez_dup,,,32.90288269554115
SN2019ehk,Ib,,31.694218443043525
SN2019ehk_dup,Ib,0.0043,31.694218443043525
SN2019ein,Ia,,32.54545230397352
SN2019ein,Ia,,32.54545230397352
SN2019enr,II,,32.64315537084714
SN2019enr,II,,32.64315537084714
SN2019enz,SLSN-I,0.22,
SN2019esa,IIn,,31.948291014051406
SN2019fxy,,,
SN2019gaf,IIb,,
SN2019gbx,Ia,,33.676996349813464
SN2019gte,TDE,,
SN2019hcc,SLSN-I,,
SN2019hge,SLSN-I,,
SN2019jyw,II,,33.42684236508421
SN2019kbj,Ibn,,
SN2019kf,Ia,,34.712795941127986
SN2019lsm,Ibn,,36.197018820156
SN2019muj,Iax,,32.33372041654109
SN2019njv,IIn,,33.91624155029192
SN2019np,Ia,,31.37303399389578
SN2019nvm,II,,
SN2019nyk,II,,34.71348431406433
SN2019odf,II,,35.624467476217035
SN2019odp,Ib,,33.88219424825643
SN2019oet,LBV,,
SN2019ofc,II,,
SN2019ovr,II,,33.676996349813464
SN2019oys,Ib,,34.11546837213439
SN2019pjs,II,,32.44803483133861
SN2019rn,IIb,,33.67588675734706
SN2019rz,IIn,,34.474348283726265
SN2019tua,II,,33.187587626244124
SN2019vrq,Ia-91T-like,,33.68032172934469
SN2019vxm,II,,
SN2019wbg,LBV,,32.1922722191017
SN2019wep,II-pec,,35.09471546123305
SN2019xdf,II,,33.669217269402615
SN2019xtw,II,,34.11320098923075
SN2019yv,Galaxy,,
SN2019yvq,Ia,,32.88777812218024
SN2019yz,Ic,,32.12418140936686
SN2020aatc,Ia,,34.01434352474706
SN2020abjq,II,,34.42539192074612
SN2020abjq,II,,34.42539192074612
SN2020able,Ic,,
SN2020aboh,SN,,31.83081722265563
SN2020abtf,II,,
SN2020acat,IIb,,
SN2020acct,IIn,,
SN2020acma,Ia,,33.81609974149083
SN2020adow,Ic,,32.47425010840047
SN2020akf,Ia-91T-like,,33.574209085908954
SN2020aqe,II,,33.530742944815714
SN2020big,Ibn,,35.040338108740166
SN2020bio,SN,,32.752840218556834
SN2020bpi,Ia,,
SN2020bvc,Ic-BL,,35.107382179639686
SN2020cui,IIn,,
SN2020cwd,Ibn,,
SN2020dhj,Ia,,36.04776123349252
SN2020dpw,IIP,,31.480887464347845
SN2020dul,Ia,,33.79624016827309
SN2020ees,Ia,,35.03648614057121
SN2020ekk,II,,33.86700198192964
SN2020fxa,Ia,,37.1415740623473
SN2020hvf,Ia,,31.928527761275127
SN2020hvp,Ib,,31.69698113096009
SN2020jdo,Ia,,
SN2020jfo,II,,31.68729630645328
SN2020jgl,Ia,,32.24653472296497
SN2020kpx,Ia,,34.88988752218897
SN2020kyg,Iax,,32.80401500996982
SN2020kyx,Ia,,35.622204110982395
SN2020lil,Ia,,35.533456482043825
SN2020llx,II,,33.085875713428536
SN2020mjm,II,,31.64953061700105
SN2020mr,,,33.62706234630004
SN2020mr,,,33.62706234630004
SN2020nlb,Ia,,30.026975159433533
SN2020nta,Ia-91bg-like,,35.75186308966756
SN2020nvb,Ia,,30.44068044350276
SN2020nxt,Ibn,,
SN2020pjj,Ia-pec,,
SN2020pni,II,,34.233231642885585
SN2020pst,Ia,,36.41289029722207
SN2020pvb,IIn,,
SN2020qic,Ia,,
SN2020rgz,Ia,,35.4411727850556
SN2020rlj,Ia,,36.09471879486475
SN2020roj,,,
SN2020rte,,,32.71861614670288
SN2020scq,,,
SN2020szr,Ia,,35.11139705317291
SN2020tcw,SLSN-I,,
SN2020tkp,Ia,,
SN2020tlf,IIn,,32.714299960806535
SN2020tlf,IIn,,32.73493985395231
SN2020tug,Ia,,
SN2020uew,SLSN-I,,
SN2020uxz,Ia,,32.678579849927544
SN2020uzq,II,,33.40117380360704
SN2020vg,II,,32.79070835838984
SN2020wtq,Ia,,
SN2020wtq,Ia,,
SN2020xua,II,,34.74661113780296
SN2020xys,Other,,
SN2020xyw,Ia,,33.26740257040614
SN2020yvu,Ia,,
SN2020yzo,II,,34.433628347237835
SN2020zbf,SLSN-I,,
SN2020zgl,Ib-pec,,32.53421568169675
SN2020zgl,Ib-pec,,32.53421568169675
SN2020znr,SLSN-I,,
SN2020znr,SLSN-I,,
SN2020zoq,II,,33.10689129540745
SN2020zpi,Ia,,35.94171235168918
SN2020zso,TDE,,
SN2021aadc,SLSN-II,,
SN2021aai,II,,32.45193860301385
SN2021acya,IIn,,
SN2021ads,Ia,,
SN2021afkk,II,,
SN2021afuq,Ic,,32.952227564316765
SN2021afur,Ia-91bg-like,,
SN2021arg,II,,
SN2021ass,II,,33.45651281691742
SN2021bhd,Ib/c,,31.97152862008472
SN2021blu,,,
SN2021blz,,,
SN2021bmx,Ia,,33.92368065455118
SN2021bug,II,,31.940900856914407
SN2021cgu,II,,35.12596020761806
SN2021cwc,Ia,,34.75978902372523
SN2021dms,,,35.56134884208635
SN2021dnm,Ia,,36.4144631441759
SN2021do,Ic,,32.95067817259243
SN2021dov,Ia,,33.61625190191549
SN2021dzv,,,29.90127970902121
SN2021ek,SLSN-I,,
SN2021fmu,SLSN-II,,
SN2021foa,IIn,,32.71516388459335
SN2021fxy,Ia,,32.96150077019403
SN2021ghc,Ia,,
SN2021gma,Ia,,37.19128296284276
SN2021gmj,II,,30.698083760320564
SN2021gno,Ib,,32.070221877314026
SN2021haz,,,
SN2021hen,Ib,,34.71726646948247
SN2021hiz,Ia,,30.698083760320564
SN2021hku,Ic-BL,,33.286076281145085
SN2021hpr,Ia,,32.95067817259243
SN2021hus,,,
SN2021ifa,,,
SN2021iyt,Ibn,,
SN2021j,,,29.9635038062925
SN2021jag,Ia,,32.75623314488699
SN2021jbl,,,
SN2021jpk,Ibn,,35.99213984128233
SN2021jtt,II,,34.94130798364378
SN2021jwr,,,
SN2021k,,,34.178452857462126
SN2021kgj,IIn,,
SN2021kgk,,,
SN2021kqp,,,
SN2021kyv,SN,,
SN2021loi,,,
SN2021lwz,SLSN-I,,
SN2021lxb,Ia,,35.1511427224937
SN2021mim,Ia,,36.002998654746705
SN2021mnj,II,,33.93208094514129
SN2021mqh,II,,34.75405464665111
SN2021mwj,II,,32.494423188942335
SN2021mxx,Ic,,33.02007968608357
SN2021oat,,,34.86049968593165
SN2021ont,II,,35.35838744531347
SN2021pb,IIb,,
SN2021pfs,Ia,,32.80318572891734
SN2021pit,Ia,,31.05055173172556
SN2021pit,Ia,,31.05055173172556
SN2021qvr,II,,33.42684236508421
SN2021qvv,Ia-91bg-like,,29.40327414951081
SN2021qvw,II,,
SN2021qyy,,,32.87176424127372
SN2021rhu,Ia,,30.821351097984863
SN2021sjt,IIb,,31.480887464347845
SN2021skf,Ia,,33.448517016543704
SN2021smj,Ia,,31.235773074405632
SN2021twv,,,
SN2021twv,,,
SN2021ucg,II,,34.27237366304961
SN2021uds,IIn,,33.65020837820899
SN2021uds,IIn,,33.65020837820899
SN2021uhk,Ib,,35.78929772665783
SN2021ukt,IIn,,33.64796105856776
SN2021uoy,II,,35.72070800130232
SN2021uqw,IIb,,35.334733948153065
SN2021uyc,Ic,,34.4965180590729
SN2021vaz,II,,33.68750929576025
SN2021wvd,II,,
SN2021xbg,Ib/c,,35.61562697922416
SN2021xju,Ia,,34.05992192067422
SN2021ybc,IIb,,35.42808786822915
SN2021yja,IIP,,31.721688416076564
SN2021yky,II,,
SN2021ysx,,,38.13405341933537
SN2021yyg,IIP,,33.4243514300138
SN2021zet,II,,35.64674841674119
SNF20080514002,Ia,0.0221,34.81893913672778
SNF20080720001,Ia,0.021,35.053325069568416
SNhunt248,IIn?,0.0045,31.37943480150613
SNhunt60,IIb,0.033893,35.748019774665124
SNinNGC2196,Ic,0.00775,32.54171322012325
SNinNGC7123,Ia,0.012335,33.55317205195943
SNinpgc2086067,,,
iPTF13dge,Ia,0.015854,34.09817658931745
iPTF13dge,Ia,0.015854,34.09817658931745
iPTF13ebh,Ia,0.013269,33.71166141178574
iPTF13ebh,Ia,0.013269,33.71166141178574
iPTF14atg,Ia,0.021405,
iPTF14atg,Ia,0.021405,
iPTF14bdn,Ia,0.01588,34.05619886376645
iPTF14bdn,Ia-99aa,0.01588,34.05619886376645
iPTF14hls,II-wierdo,,
iPTF16eh,SLSN-I,,
iPTF16eh,SLSN-I,,
